Workbook

Sheet Read me
A1: North Deering childhood (0-19) recalculation and Fisher combinations
A3: Corrected September 29, 2026. Replaces the earlier NDeering_fisher.xlsx, which is kept as NDeering_fisher_original.xlsx.
A5: What was wrong: the state's March 2009 draft tables give 0-19 person-years of 11,760 (North Deering) and 55,500 (rest of Portland). These equal ten times the MALES aged 0-19 in the census file used to build the tables. Females were left out, but the case counts include both sexes.
A6: What this workbook does: (1) "Denominator check" sums males and females 0-19 by tract from Census_pop.csv; (2) "0-19 recalc" recomputes expected counts and two-sided Poisson p-values with the corrected person-years; (3) "Fisher inputs" and "Fisher results" recombine the p-values by Fisher's method.
A8: Method notes:
A9: - Expected = (comparison-group cases / comparison-group person-years) x North Deering person-years.
A10: - Two-sided p = MIN(1, 2 x MIN(upper tail, lower tail)) of the Poisson distribution (the convention the site has used).
A11: - Fisher statistic = -2 x sum of ln(p); p-value from chi-square with 2N degrees of freedom (N = number of p-values combined).
A12: - Combinations: (1) the two overall rates, 0-19 and 20-44; (2) all individual cancer sites in 0-19 and 20-44 where North Deering had at least one case, excluding the "all cancers" rows; (3) the same across all five age groups.
A13: - Only the 0-19 p-values are recalculated here. Ages 20-44 and older p-values are the values already published on the Data page and are unchanged.
A14: - Limits that still apply: Fisher's method assumes independent tests and these overlap; age groups and sites were chosen after the data were seen; no adjustment is made for multiple comparisons. See the Analysis page.
A16: Colour code: blue = typed-in input (source noted); black = formula; green = link to another sheet.
A17: Sources: Census_pop.csv (census 2000 tract populations by sex and age, as supplied with the state's records); state draft report tables (NDeering_rprttble.xls, March 2009) for case counts and the Cumberland County and Maine person-years; published Data page for the other age groups' p-values.

Sheet Denominator check
A1: Check of the 0-19 denominators against census tract data
A3: Group | B3: State draft person-years (as published) | C3: Males 0-19 x 10 | D3: Females 0-19 x 10 | E3: Both sexes 0-19 x 10 (corrected) | F3: Both sexes, single-year people | G3: State draft minus males x 10
A4: North Deering | B4: 11760 | C4: =10*SUMPRODUCT(($B$15:$T$15=$A4)*($B$16:$T$35)) -> 11760 | D4: =10*SUMPRODUCT(($B$15:$T$15=$A4)*($B$36:$T$55)) -> 13150 | E4: =C4+D4 -> 24910 | F4: =E4/10 -> 2491 | G4: =B4-C4 -> 0
A5: Rest of Portland | B5: 55500 | C5: =10*SUMPRODUCT(($B$15:$T$15=$A5)*($B$16:$T$35)) -> 55500 | D5: =10*SUMPRODUCT(($B$15:$T$15=$A5)*($B$36:$T$55)) -> 51800 | E5: =C5+D5 -> 107300 | F5: =E5/10 -> 10730 | G5: =B5-C5 -> 0
A7: Rows 4-5, column B: person-years as printed in the state's draft Table 1 (source: NDeering_rprttble.xls, March 2009). Column G = 0 means the draft equals the male-only sum.
A8: North Deering = census tracts 23005002101 and 23005002200 (the two tracts the state used). Rest of Portland = the other 17 tracts.
A10: Ages 20-44 check (both sexes x 10), for comparison with the state's draft Table 7: North Deering 34,370; rest of Portland 248,800
A11: North Deering | B11: 34370 | C11: Sum of M20-M40_44 and F20-F40_44 for the group, x 10 (from Census_pop.csv).
A12: Rest of Portland | B12: 248800
A14: Raw data: Census_pop.csv, census 2000 population by tract, sex and single year of age (ages 0-19)
A15: Tract / group | B15: Rest of Portland | C15: Rest of Portland | D15: Rest of Portland | E15: Rest of Portland | F15: Rest of Portland | G15: Rest of Portland | H15: Rest of Portland | I15: Rest of Portland | J15: Rest of Portland | K15: Rest of Portland | L15: Rest of Portland | M15: Rest of Portland | N15: Rest of Portland | O15: Rest of Portland | P15: Rest of Portland | Q15: North Deering | R15: Rest of Portland | S15: North Deering | T15: Rest of Portland
A16: M0 | B16: 0 | C16: 18 | D16: 0 | E16: 0 | F16: 0 | G16: 8 | H16: 0 | I16: 5 | J16: 11 | K16: 0 | L16: 23 | M16: 9 | N16: 0 | O16: 40 | P16: 23 | Q16: 43 | R16: 54 | S16: 0 | T16: 8
A17: M1 | B17: 16 | C17: 12 | D17: 33 | E17: 0 | F17: 26 | G17: 7 | H17: 8 | I17: 14 | J17: 5 | K17: 32 | L17: 17 | M17: 42 | N17: 18 | O17: 34 | P17: 28 | Q17: 24 | R17: 45 | S17: 20 | T17: 38
A18: M2 | B18: 6 | C18: 18 | D18: 9 | E18: 11 | F18: 28 | G18: 3 | H18: 12 | I18: 11 | J18: 24 | K18: 23 | L18: 45 | M18: 10 | N18: 38 | O18: 3 | P18: 0 | Q18: 25 | R18: 49 | S18: 31 | T18: 25
A19: M3 | B19: 18 | C19: 0 | D19: 10 | E19: 23 | F19: 9 | G19: 22 | H19: 0 | I19: 9 | J19: 20 | K19: 0 | L19: 8 | M19: 21 | N19: 10 | O19: 12 | P19: 0 | Q19: 36 | R19: 38 | S19: 31 | T19: 10
A20: M4 | B20: 11 | C20: 11 | D20: 0 | E20: 15 | F20: 14 | G20: 9 | H20: 0 | I20: 15 | J20: 30 | K20: 34 | L20: 34 | M20: 30 | N20: 32 | O20: 16 | P20: 0 | Q20: 58 | R20: 18 | S20: 0 | T20: 0
A21: M5 | B21: 12 | C21: 15 | D21: 8 | E21: 9 | F21: 18 | G21: 28 | H21: 0 | I21: 11 | J21: 10 | K21: 0 | L21: 11 | M21: 21 | N21: 8 | O21: 32 | P21: 7 | Q21: 91 | R21: 55 | S21: 16 | T21: 25
A22: M6 | B22: 17 | C22: 0 | D22: 0 | E22: 35 | F22: 5 | G22: 3 | H22: 9 | I22: 18 | J22: 16 | K22: 20 | L22: 25 | M22: 11 | N22: 14 | O22: 0 | P22: 7 | Q22: 20 | R22: 20 | S22: 23 | T22: 13
A23: M7 | B23: 17 | C23: 14 | D23: 0 | E23: 11 | F23: 0 | G23: 21 | H23: 6 | I23: 0 | J23: 16 | K23: 0 | L23: 17 | M23: 35 | N23: 34 | O23: 8 | P23: 7 | Q23: 60 | R23: 47 | S23: 34 | T23: 4
A24: M8 | B24: 14 | C24: 26 | D24: 0 | E24: 15 | F24: 24 | G24: 8 | H24: 0 | I24: 18 | J24: 8 | K24: 14 | L24: 34 | M24: 0 | N24: 12 | O24: 13 | P24: 21 | Q24: 36 | R24: 49 | S24: 16 | T24: 10
A25: M9 | B25: 10 | C25: 7 | D25: 0 | E25: 19 | F25: 14 | G25: 6 | H25: 7 | I25: 9 | J25: 17 | K25: 20 | L25: 32 | M25: 20 | N25: 21 | O25: 27 | P25: 0 | Q25: 65 | R25: 43 | S25: 7 | T25: 12
A26: M10 | B26: 12 | C26: 17 | D26: 0 | E26: 46 | F26: 0 | G26: 10 | H26: 10 | I26: 9 | J26: 6 | K26: 18 | L26: 24 | M26: 6 | N26: 42 | O26: 34 | P26: 8 | Q26: 13 | R26: 36 | S26: 53 | T26: 34
A27: M11 | B27: 19 | C27: 6 | D27: 0 | E27: 26 | F27: 0 | G27: 0 | H27: 0 | I27: 0 | J27: 0 | K27: 4 | L27: 32 | M27: 7 | N27: 53 | O27: 37 | P27: 28 | Q27: 31 | R27: 55 | S27: 23 | T27: 19
... A55: F19 | B55: 6 | C55: 11 | D55: 29 | E55: 0 | F55: 31 | G55: 15 | H55: 16 | I55: 0 | J55: 54 | K55: 20 | L55: 41 | M55: 22 | N55: 21 | O55: 9 | P55: 26 | Q55: 16 | R55: 31 | S55: 12 | T55: 14
A56: Tract ID (CSV column) | B56: T23005000100 | C56: T23005000200 | D56: T23005000300 | E56: T23005000500 | F56: T23005000600 | G56: T23005001000 | H56: T23005001100 | I56: T23005001200 | J56: T23005001300 | K56: T23005001500 | L56: T23005001700 | M56: T23005001800 | N56: T23005001900 | O56: T23005002001 | P56: T23005002002 | Q56: T23005002101 | R56: T23005002102 | S56: T23005002200 | T56: T23005002300

Sheet 0-19 recalc
A1: Ages 0-19: expected counts and two-sided Poisson p-values with corrected person-years
A3: North Deering person-years | C3: ='Denominator check'!E4 -> 24910
A4: Portland excl. ND person-years | C4: ='Denominator check'!E5 -> 107300
A5: Cumberland County person-years | C5: 682431 | D5: Source: state draft Table 1 (NDeering_rprttble.xls)
A6: Maine person-years | C6: 3342767 | D6: Source: state draft Table 1 (NDeering_rprttble.xls)
A8: Cancer site | B8: Comparison | C8: ND cases | D8: Comparison cases | E8: Comparison person-years | F8: ND person-years | G8: Expected ND cases | H8: Upper tail P(X>=obs) | I8: Lower tail P(X<=obs) | J8: Two-sided p (corrected) | K8: p as first published (uncorrected)
A9: All cancers | B9: Portland excluding North Deering | C9: 10 | D9: 19 | E9: =$C$4 -> 107300 | F9: =$C$3 -> 24910 | G9: =IF(D9=0,"",D9/E9*F9) -> 4.410904 | H9: =IF(D9=0,"",IF(C9=0,1,1-POISSON(C9-1,G9,TRUE()))) -> 0.015119278 | I9: =IF(D9=0,"",POISSON(C9,G9,TRUE())) -> 0.99421072 | J9: =IF(D9=0,"",MIN(1,2*MIN(H9,I9))) -> 0.030238556 | K9: 0.0169
A10: All cancers | B10: Cumberland County | C10: 10 | D10: 139 | E10: =$C$5 -> 682431 | F10: =$C$3 -> 24910 | G10: =IF(D10=0,"",D10/E10*F10) -> 5.0737584 | H10: =IF(D10=0,"",IF(C10=0,1,1-POISSON(C10-1,G10,TRUE()))) -> 0.034582535 | I10: =IF(D10=0,"",POISSON(C10,G10,TRUE())) -> 0.98491724 | J10: =IF(D10=0,"",MIN(1,2*MIN(H10,I10))) -> 0.06916507 | K10: 0.0004
A11: All cancers | B11: Maine | C11: 10 | D11: 609 | E11: =$C$6 -> 3342767 | F11: =$C$3 -> 24910 | G11: =IF(D11=0,"",D11/E11*F11) -> 4.5382134 | H11: =IF(D11=0,"",IF(C11=0,1,1-POISSON(C11-1,G11,TRUE()))) -> 0.017994963 | I11: =IF(D11=0,"",POISSON(C11,G11,TRUE())) -> 0.99292359 | J11: =IF(D11=0,"",MIN(1,2*MIN(H11,I11))) -> 0.035989926 | K11: 0.0001
A12: Acute lymphocytic leukemia | B12: Portland excluding North Deering | C12: 1 | D12: 5 | E12: =$C$4 -> 107300 | F12: =$C$3 -> 24910 | G12: =IF(D12=0,"",D12/E12*F12) -> 1.1607642 | H12: =IF(D12=0,"",IF(C12=0,1,1-POISSON(C12-1,G12,TRUE()))) -> 0.6867533 | I12: =IF(D12=0,"",POISSON(C12,G12,TRUE())) -> 0.67685226 | J12: =IF(D12=0,"",MIN(1,2*MIN(H12,I12))) -> 1 | K12: 1
A13: Acute lymphocytic leukemia | B13: Cumberland County | C13: 1 | D13: 22 | E13: =$C$5 -> 682431 | F13: =$C$3 -> 24910 | G13: =IF(D13=0,"",D13/E13*F13) -> 0.80304089 | H13: =IF(D13=0,"",IF(C13=0,1,1-POISSON(C13-1,G13,TRUE()))) -> 0.55203532 | I13: =IF(D13=0,"",POISSON(C13,G13,TRUE())) -> 0.80769863 | J13: =IF(D13=0,"",MIN(1,2*MIN(H13,I13))) -> 1 | K13: 0.6272
A14: Acute lymphocytic leukemia | B14: Maine | C14: 1 | D14: 99 | E14: =$C$6 -> 3342767 | F14: =$C$3 -> 24910 | G14: =IF(D14=0,"",D14/E14*F14) -> 0.73773912 | H14: =IF(D14=0,"",IF(C14=0,1,1-POISSON(C14-1,G14,TRUE()))) -> 0.52180617 | I14: =IF(D14=0,"",POISSON(C14,G14,TRUE())) -> 0.83097613 | J14: =IF(D14=0,"",MIN(1,2*MIN(H14,I14))) -> 1 | K14: 0.5906
A15: Brain | B15: Portland excluding North Deering | C15: 2 | D15: 2 | E15: =$C$4 -> 107300 | F15: =$C$3 -> 24910 | G15: =IF(D15=0,"",D15/E15*F15) -> 0.46430568 | H15: =IF(D15=0,"",IF(C15=0,1,1-POISSON(C15-1,G15,TRUE()))) -> 0.079579354 | I15: =IF(D15=0,"",POISSON(C15,G15,TRUE())) -> 0.98817428 | J15: =IF(D15=0,"",MIN(1,2*MIN(H15,I15))) -> 0.15915871 | K15: 0.1358
A16: Brain | B16: Cumberland County | C16: 2 | D16: 28 | E16: =$C$5 -> 682431 | F16: =$C$3 -> 24910 | G16: =IF(D16=0,"",D16/E16*F16) -> 1.022052 | H16: =IF(D16=0,"",IF(C16=0,1,1-POISSON(C16-1,G16,TRUE()))) -> 0.27235296 | I16: =IF(D16=0,"",POISSON(C16,G16,TRUE())) -> 0.91559796 | J16: =IF(D16=0,"",MIN(1,2*MIN(H16,I16))) -> 0.54470592 | K16: 0.1697
A17: Brain | B17: Maine | C17: 2 | D17: 113 | E17: =$C$6 -> 3342767 | F17: =$C$3 -> 24910 | G17: =IF(D17=0,"",D17/E17*F17) -> 0.84206587 | H17: =IF(D17=0,"",IF(C17=0,1,1-POISSON(C17-1,G17,TRUE()))) -> 0.20640194 | I17: =IF(D17=0,"",POISSON(C17,G17,TRUE())) -> 0.94633974 | J17: =IF(D17=0,"",MIN(1,2*MIN(H17,I17))) -> 0.41280389 | K17: 0.1231
A18: Myeloid & monocytic leukemia | B18: Portland excluding North Deering | C18: 2 | D18: 0 | E18: =$C$4 -> 107300 | F18: =$C$3 -> 24910 | G18: =IF(D18=0,"",D18/E18*F18) | H18: =IF(D18=0,"",IF(C18=0,1,1-POISSON(C18-1,G18,TRUE()))) | I18: =IF(D18=0,"",POISSON(C18,G18,TRUE())) | J18: =IF(D18=0,"",MIN(1,2*MIN(H18,I18)))
A19: Myeloid & monocytic leukemia | B19: Cumberland County | C19: 2 | D19: 8 | E19: =$C$5 -> 682431 | F19: =$C$3 -> 24910 | G19: =IF(D19=0,"",D19/E19*F19) -> 0.29201487 | H19: =IF(D19=0,"",IF(C19=0,1,1-POISSON(C19-1,G19,TRUE()))) -> 0.035178294 | I19: =IF(D19=0,"",POISSON(C19,G19,TRUE())) -> 0.99666071 | J19: =IF(D19=0,"",MIN(1,2*MIN(H19,I19))) -> 0.070356588 | K19: 0.0181
A20: Myeloid & monocytic leukemia | B20: Maine | C20: 2 | D20: 34 | E20: =$C$6 -> 3342767 | F20: =$C$3 -> 24910 | G20: =IF(D20=0,"",D20/E20*F20) -> 0.25336495 | H20: =IF(D20=0,"",IF(C20=0,1,1-POISSON(C20-1,G20,TRUE()))) -> 0.027157476 | I20: =IF(D20=0,"",POISSON(C20,G20,TRUE())) -> 0.99775564 | J20: =IF(D20=0,"",MIN(1,2*MIN(H20,I20))) -> 0.054314952 | K20: 0.0133
A21: Hodgkin lymphoma | B21: Portland excluding North Deering | C21: 2 | D21: 2 | E21: =$C$4 -> 107300 | F21: =$C$3 -> 24910 | G21: =IF(D21=0,"",D21/E21*F21) -> 0.46430568 | H21: =IF(D21=0,"",IF(C21=0,1,1-POISSON(C21-1,G21,TRUE()))) -> 0.079579354 | I21: =IF(D21=0,"",POISSON(C21,G21,TRUE())) -> 0.98817428 | J21: =IF(D21=0,"",MIN(1,2*MIN(H21,I21))) -> 0.15915871 | K21: 0.1358
A22: Hodgkin lymphoma | B22: Cumberland County | C22: 2 | D22: 16 | E22: =$C$5 -> 682431 | F22: =$C$3 -> 24910 | G22: =IF(D22=0,"",D22/E22*F22) -> 0.58402974 | H22: =IF(D22=0,"",IF(C22=0,1,1-POISSON(C22-1,G22,TRUE()))) -> 0.1166711 | I22: =IF(D22=0,"",POISSON(C22,G22,TRUE())) -> 0.97843295 | J22: =IF(D22=0,"",MIN(1,2*MIN(H22,I22))) -> 0.23334221 | K22: 0.0612
A23: Hodgkin lymphoma | B23: Maine | C23: 2 | D23: 53 | E23: =$C$6 -> 3342767 | F23: =$C$3 -> 24910 | G23: =IF(D23=0,"",D23/E23*F23) -> 0.39495125 | H23: =IF(D23=0,"",IF(C23=0,1,1-POISSON(C23-1,G23,TRUE()))) -> 0.060203373 | I23: =IF(D23=0,"",POISSON(C23,G23,TRUE())) -> 0.99234168 | J23: =IF(D23=0,"",MIN(1,2*MIN(H23,I23))) -> 0.12040675 | K23: 0.0318
A24: Non-Hodgkin lymphoma | B24: Portland excluding North Deering | C24: 0 | D24: 3 | E24: =$C$4 -> 107300 | F24: =$C$3 -> 24910 | G24: =IF(D24=0,"",D24/E24*F24) -> 0.69645853 | H24: =IF(D24=0,"",IF(C24=0,1,1-POISSON(C24-1,G24,TRUE()))) -> 1 | I24: =IF(D24=0,"",POISSON(C24,G24,TRUE())) -> 0.49834706 | J24: =IF(D24=0,"",MIN(1,2*MIN(H24,I24))) -> 0.99669413 | K24: 1
A25: Non-Hodgkin lymphoma | B25: Cumberland County | C25: 0 | D25: 9 | E25: =$C$5 -> 682431 | F25: =$C$3 -> 24910 | G25: =IF(D25=0,"",D25/E25*F25) -> 0.32851673 | H25: =IF(D25=0,"",IF(C25=0,1,1-POISSON(C25-1,G25,TRUE()))) -> 1 | I25: =IF(D25=0,"",POISSON(C25,G25,TRUE())) -> 0.71999088 | J25: =IF(D25=0,"",MIN(1,2*MIN(H25,I25))) -> 1 | K25: 1
A26: Non-Hodgkin lymphoma | B26: Maine | C26: 0 | D26: 40 | E26: =$C$6 -> 3342767 | F26: =$C$3 -> 24910 | G26: =IF(D26=0,"",D26/E26*F26) -> 0.29807641 | H26: =IF(D26=0,"",IF(C26=0,1,1-POISSON(C26-1,G26,TRUE()))) -> 1 | I26: =IF(D26=0,"",POISSON(C26,G26,TRUE())) -> 0.74224462 | J26: =IF(D26=0,"",MIN(1,2*MIN(H26,I26))) -> 1 | K26: 1
A28: Column K is what the site showed before the correction, for comparison. Cases (columns C, D) are from the state's draft tables and are unchanged. Cells left blank: Portland has no myeloid cases, so no expected count or p-value can be formed.

Sheet Fisher inputs
A1: p-values entering Fisher's method
A2: 0-19 rows link to the corrected recalculation (green). All other rows are the p-values already published on the Data page (blue), unchanged. Flags: 1 = included in that combination.
A4: Age band | B4: Cancer site | C4: ND cases | D4: p vs Portland excl. ND | E4: p vs Cumberland | F4: p vs Maine | G4: ln p Portland | H4: ln p Cumberland | I4: ln p Maine | J4: Combo 1: two overall rates | K4: Combo 2: 0-19 + 20-44 sites | L4: Combo 3: all ages, sites
A5: 0-19 | B5: All cancers | C5: 10 | D5: =IF('0-19 recalc'!J9="","",'0-19 recalc'!J9) -> 0.030238556 | E5: =IF('0-19 recalc'!J10="","",'0-19 recalc'!J10) -> 0.06916507 | F5: =IF('0-19 recalc'!J11="","",'0-19 recalc'!J11) -> 0.035989926 | G5: =IF(ISNUMBER(D5),LN(D5),"") -> -3.4986375 | H5: =IF(ISNUMBER(E5),LN(E5),"") -> -2.6712593 | I5: =IF(ISNUMBER(F5),LN(F5),"") -> -3.3245162 | J5: 1 | K5: 0 | L5: 0
A6: 0-19 | B6: Acute lymphocytic leukemia | C6: 1 | D6: =IF('0-19 recalc'!J12="","",'0-19 recalc'!J12) -> 1 | E6: =IF('0-19 recalc'!J13="","",'0-19 recalc'!J13) -> 1 | F6: =IF('0-19 recalc'!J14="","",'0-19 recalc'!J14) -> 1 | G6: =IF(ISNUMBER(D6),LN(D6),"") -> 0 | H6: =IF(ISNUMBER(E6),LN(E6),"") -> 0 | I6: =IF(ISNUMBER(F6),LN(F6),"") -> 0 | J6: 0 | K6: 1 | L6: 1
A7: 0-19 | B7: Brain | C7: 2 | D7: =IF('0-19 recalc'!J15="","",'0-19 recalc'!J15) -> 0.15915871 | E7: =IF('0-19 recalc'!J16="","",'0-19 recalc'!J16) -> 0.54470592 | F7: =IF('0-19 recalc'!J17="","",'0-19 recalc'!J17) -> 0.41280389 | G7: =IF(ISNUMBER(D7),LN(D7),"") -> -1.8378534 | H7: =IF(ISNUMBER(E7),LN(E7),"") -> -0.60750922 | I7: =IF(ISNUMBER(F7),LN(F7),"") -> -0.88478265 | J7: 0 | K7: 1 | L7: 1
A8: 0-19 | B8: Myeloid & monocytic leukemia | C8: 2 | D8: =IF('0-19 recalc'!J18="","",'0-19 recalc'!J18) | E8: =IF('0-19 recalc'!J19="","",'0-19 recalc'!J19) -> 0.070356588 | F8: =IF('0-19 recalc'!J20="","",'0-19 recalc'!J20) -> 0.054314952 | G8: =IF(ISNUMBER(D8),LN(D8),"") | H8: =IF(ISNUMBER(E8),LN(E8),"") -> -2.6541788 | I8: =IF(ISNUMBER(F8),LN(F8),"") -> -2.9129557 | J8: 0 | K8: 1 | L8: 1
A9: 0-19 | B9: Hodgkin lymphoma | C9: 2 | D9: =IF('0-19 recalc'!J21="","",'0-19 recalc'!J21) -> 0.15915871 | E9: =IF('0-19 recalc'!J22="","",'0-19 recalc'!J22) -> 0.23334221 | F9: =IF('0-19 recalc'!J23="","",'0-19 recalc'!J23) -> 0.12040675 | G9: =IF(ISNUMBER(D9),LN(D9),"") -> -1.8378534 | H9: =IF(ISNUMBER(E9),LN(E9),"") -> -1.4552492 | I9: =IF(ISNUMBER(F9),LN(F9),"") -> -2.1168797 | J9: 0 | K9: 1 | L9: 1
A10: 20-44 | B10: All cancers | C10: 53 | D10: 1.6e-05 | E10: 0.0172 | F10: 0.0412 | G10: =IF(ISNUMBER(D10),LN(D10),"") -> -11.042922 | H10: =IF(ISNUMBER(E10),LN(E10),"") -> -4.0628459 | I10: =IF(ISNUMBER(F10),LN(F10),"") -> -3.189317 | J10: 1 | K10: 0 | L10: 0
A11: 20-44 | B11: Lung | C11: 2 | D11: 0.4004 | E11: 1 | F11: 1 | G11: =IF(ISNUMBER(D11),LN(D11),"") -> -0.91529123 | H11: =IF(ISNUMBER(E11),LN(E11),"") -> 0 | I11: =IF(ISNUMBER(F11),LN(F11),"") -> 0 | J11: 0 | K11: 1 | L11: 1
A12: 20-44 | B12: Colon | C12: 2 | D12: 0.5008 | E12: 0.7262 | F12: 0.7464 | G12: =IF(ISNUMBER(D12),LN(D12),"") -> -0.69154846 | H12: =IF(ISNUMBER(E12),LN(E12),"") -> -0.31992982 | I12: =IF(ISNUMBER(F12),LN(F12),"") -> -0.29249363 | J12: 0 | K12: 1 | L12: 1
A13: 20-44 | B13: Breast (female) | C13: 8 | D13: 0.287 | E13: 1 | F13: 0.9646 | G13: =IF(ISNUMBER(D13),LN(D13),"") -> -1.2482731 | H13: =IF(ISNUMBER(E13),LN(E13),"") -> 0 | I13: =IF(ISNUMBER(F13),LN(F13),"") -> -0.036041771 | J13: 0 | K13: 1 | L13: 1
A14: 20-44 | B14: Prostate (male) | C14: 1 | D14: 0.6348 | E14: 0.5218 | F14: 0.5184 | G14: =IF(ISNUMBER(D14),LN(D14),"") -> -0.45444529 | H14: =IF(ISNUMBER(E14),LN(E14),"") -> -0.65047091 | I14: =IF(ISNUMBER(F14),LN(F14),"") -> -0.65700813 | J14: 0 | K14: 1 | L14: 1
A15: 20-44 | B15: Melanoma | C15: 9 | D15: 0.0021 | E15: 0.0279 | F15: 0.0604 | G15: =IF(ISNUMBER(D15),LN(D15),"") -> -6.1658179 | H15: =IF(ISNUMBER(E15),LN(E15),"") -> -3.5791286 | I15: =IF(ISNUMBER(F15),LN(F15),"") -> -2.8067662 | J15: 0 | K15: 1 | L15: 1
A16: 20-44 | B16: Thyroid | C16: 6 | D16: 0.0093 | E16: 0.1728 | F16: 0.1591 | G16: =IF(ISNUMBER(D16),LN(D16),"") -> -4.6777409 | H16: =IF(ISNUMBER(E16),LN(E16),"") -> -1.7556204 | I16: =IF(ISNUMBER(F16),LN(F16),"") -> -1.8382223 | J16: 0 | K16: 1 | L16: 1
A17: 20-44 | B17: Kidney | C17: 3 | D17: 0.0056 | E17: 0.1991 | F17: 0.1351 | G17: =IF(ISNUMBER(D17),LN(D17),"") -> -5.1849887 | H17: =IF(ISNUMBER(E17),LN(E17),"") -> -1.6139481 | I17: =IF(ISNUMBER(F17),LN(F17),"") -> -2.00174 | J17: 0 | K17: 1 | L17: 1
A18: 45-64 | B18: All cancers | C18: 162 | D18: 0.2869 | E18: 0.7666 | F18: 0.8389 | G18: =IF(ISNUMBER(D18),LN(D18),"") -> -1.2486216 | H18: =IF(ISNUMBER(E18),LN(E18),"") -> -0.26579013 | I18: =IF(ISNUMBER(F18),LN(F18),"") -> -0.17566377 | J18: 0 | K18: 0 | L18: 0
A19: 45-64 | B19: Lung | C19: 25 | D19: 1 | E19: 0.3532 | F19: 0.9568 | G19: =IF(ISNUMBER(D19),LN(D19),"") -> 0 | H19: =IF(ISNUMBER(E19),LN(E19),"") -> -1.0407208 | I19: =IF(ISNUMBER(F19),LN(F19),"") -> -0.044160896 | J19: 0 | K19: 0 | L19: 1
A20: 45-64 | B20: Colon | C20: 6 | D20: 0.9155 | E20: 0.6709 | F20: 0.3149 | G20: =IF(ISNUMBER(D20),LN(D20),"") -> -0.088284915 | H20: =IF(ISNUMBER(E20),LN(E20),"") -> -0.39913518 | I20: =IF(ISNUMBER(F20),LN(F20),"") -> -1.1555002 | J20: 0 | K20: 0 | L20: 1
A21: 45-64 | B21: Breast (female) | C21: 40 | D21: 0.0754 | E21: 0.252 | F21: 0.126 | G21: =IF(ISNUMBER(D21),LN(D21),"") -> -2.584948 | H21: =IF(ISNUMBER(E21),LN(E21),"") -> -1.3783262 | I21: =IF(ISNUMBER(F21),LN(F21),"") -> -2.0714734 | J21: 0 | K21: 0 | L21: 1
... A32: 85+ | B32: Prostate (male) | C32: 5 | D32: 0.0924 | E32: 0.4427 | F32: 0.7033 | G32: =IF(ISNUMBER(D32),LN(D32),"") -> -2.3816283 | H32: =IF(ISNUMBER(E32),LN(E32),"") -> -0.81486294 | I32: =IF(ISNUMBER(F32),LN(F32),"") -> -0.35197174 | J32: 0 | K32: 0 | L32: 1

Sheet Fisher results
A1: Fisher's method: combined p-values
A2: Statistic = -2 x sum of ln p, over the p-values flagged for each combination; p from chi-square with 2N degrees of freedom. Column H is what the site reported before the correction.
A4: Combination | B4: Baseline | C4: N p-values combined | D4: Fisher statistic | E4: Degrees of freedom | F4: Combined p (corrected) | G4: About 1 in | H4: Combined p as first published (uncorrected)
A5: Two overall rates (0-19 + 20-44) | B5: Portland excluding North Deering | C5: =COUNTIFS('Fisher inputs'!$J$5:$J$32,1,'Fisher inputs'!$D$5:$D$32,">0") -> 2 | D5: =-2*SUMIFS('Fisher inputs'!$G$5:$G$32,'Fisher inputs'!$J$5:$J$32,1) -> 29.083119 | E5: =2*C5 -> 4 | F5: =CHIDIST(D5,E5) -> 7.5192691e-06 | G5: =1/F5 -> 132991.65 | H5: 4.3e-06
A6: Two overall rates (0-19 + 20-44) | B6: Cumberland County | C6: =COUNTIFS('Fisher inputs'!$J$5:$J$32,1,'Fisher inputs'!$E$5:$E$32,">0") -> 2 | D6: =-2*SUMIFS('Fisher inputs'!$H$5:$H$32,'Fisher inputs'!$J$5:$J$32,1) -> 13.46821 | E6: =2*C6 -> 4 | F6: =CHIDIST(D6,E6) -> 0.0092007948 | G6: =1/F6 -> 108.68626 | H6: 8.9e-05
A7: Two overall rates (0-19 + 20-44) | B7: Maine | C7: =COUNTIFS('Fisher inputs'!$J$5:$J$32,1,'Fisher inputs'!$F$5:$F$32,">0") -> 2 | D7: =-2*SUMIFS('Fisher inputs'!$I$5:$I$32,'Fisher inputs'!$J$5:$J$32,1) -> 13.027666 | E7: =2*C7 -> 4 | F7: =CHIDIST(D7,E7) -> 0.011141399 | G7: =1/F7 -> 89.755337 | H7: 7.5e-05
A8: (0-19 + 20-44), observed cancer types | B8: Portland excluding North Deering | C8: =COUNTIFS('Fisher inputs'!$K$5:$K$32,1,'Fisher inputs'!$D$5:$D$32,">0") -> 10 | D8: =-2*SUMIFS('Fisher inputs'!$G$5:$G$32,'Fisher inputs'!$K$5:$K$32,1) -> 46.027625 | E8: =2*C8 -> 20 | F8: =CHIDIST(D8,E8) -> 0.00079901449 | G8: =1/F8 -> 1251.5418 | H8: 0.0007
A9: (0-19 + 20-44), observed cancer types | B9: Cumberland County | C9: =COUNTIFS('Fisher inputs'!$K$5:$K$32,1,'Fisher inputs'!$E$5:$E$32,">0") -> 11 | D9: =-2*SUMIFS('Fisher inputs'!$H$5:$H$32,'Fisher inputs'!$K$5:$K$32,1) -> 25.27207 | E9: =2*C9 -> 22 | F9: =CHIDIST(D9,E9) -> 0.28424175 | G9: =1/F9 -> 3.518132 | H9: 0.05
A10: (0-19 + 20-44), observed cancer types | B10: Maine | C10: =COUNTIFS('Fisher inputs'!$K$5:$K$32,1,'Fisher inputs'!$F$5:$F$32,">0") -> 11 | D10: =-2*SUMIFS('Fisher inputs'!$I$5:$I$32,'Fisher inputs'!$K$5:$K$32,1) -> 27.09378 | E10: =2*C10 -> 22 | F10: =CHIDIST(D10,E10) -> 0.20768622 | G10: =1/F10 -> 4.814956 | H10: 0.0301
A11: All age groups, observed cancer types | B11: Portland excluding North Deering | C11: =COUNTIFS('Fisher inputs'!$L$5:$L$32,1,'Fisher inputs'!$D$5:$D$32,">0") -> 22 | D11: =-2*SUMIFS('Fisher inputs'!$G$5:$G$32,'Fisher inputs'!$L$5:$L$32,1) -> 75.783928 | E11: =2*C11 -> 44 | F11: =CHIDIST(D11,E11) -> 0.0020432354 | G11: =1/F11 -> 489.41986 | H11: 0.0018
A12: All age groups, observed cancer types | B12: Cumberland County | C12: =COUNTIFS('Fisher inputs'!$L$5:$L$32,1,'Fisher inputs'!$E$5:$E$32,">0") -> 23 | D12: =-2*SUMIFS('Fisher inputs'!$H$5:$H$32,'Fisher inputs'!$L$5:$L$32,1) -> 41.620273 | E12: =2*C12 -> 46 | F12: =CHIDIST(D12,E12) -> 0.65609562 | G12: =1/F12 -> 1.5241681 | H12: 0.3081
A13: All age groups, observed cancer types | B13: Maine | C13: =COUNTIFS('Fisher inputs'!$L$5:$L$32,1,'Fisher inputs'!$F$5:$F$32,">0") -> 23 | D13: =-2*SUMIFS('Fisher inputs'!$I$5:$I$32,'Fisher inputs'!$L$5:$L$32,1) -> 50.347248 | E13: =2*C13 -> 46 | F13: =CHIDIST(D13,E13) -> 0.30546733 | G13: =1/F13 -> 3.2736725 | H13: 0.0903
A15: Column H values were computed from p-values rounded to four decimals on the old page, so they can differ from the earlier spreadsheet in the last digit.
